,Zip Code,City,County,Median Listing Price - All Homes,Median Listing Price Per Square Foot - All Homes,Median Rental Price - All Homes,Median Rental Price Per Square Foot - All Homes,Median Sold Price - All Homes,Median Value Per Square Foot - All Homes,New Monthly Listings - NSA - All Homes,New Monthly Listings - SA - All Homes,Percent Of Homes Decreasing In Values - All Homes,Percent Of Homes Increasing In Values - All Homes,Percent Of Listings With Price Reductions - All Homes,Price To Rent Ratio - All Homes,Turnover - All Homes,Unsold Renos - All Homes,Zillow Home Value Index - All Homes,Zillow Rental Index - All Homes,pHisp_e,pNHBlack_e,pNH_AmInd_e,pNH_Asian_e,pNH_PacIsl_e,pNH_OthRace_e,pNH_TwoRace_e,% Minority
0,30004,Alpharetta,Fulton,540000.0,175.84405139999998,1900.0,0.9464537340000001,323130.0,491.0,125.0,95.0,45.09,54.16,13.21070234,16.0,4.077,30.3,463781.0,2225.0,11.9,8.4,0.1,10.6,0.1,0.4,3.0,34.5
1,30005,Alpharetta,Fulton,489000.0,176.8726697,2245.0,0.925988288,406320.0,496.0,56.0,41.0,27.84,71.68,13.43873518,27.52,5.0629,27.0,468553.0,2392.0,5.9,9.7,0.5,25.5,0.1,0.2,2.4,44.3
2,30009,Alpharetta,Fulton,556100.5,215.59375,2000.0,1.163828722,299725.0,423.0,63.0,51.0,28.48,71.11,11.98347107,32.66,5.0651,58.2,413467.0,2148.0,9.8,10.6,0.2,13.4,0.0,1.7,1.8,37.5
3,30022,Alpharetta,Fulton,449900.0,166.361225,1950.0,0.9620817540000001,368650.0,400.0,78.0,65.0,27.12,72.49,13.23877069,34.58,3.9619999999999997,35.2,437304.0,2273.0,8.5,11.7,0.1,17.0,0.0,0.8,2.5,40.6
4,30075,Roswell,Fulton,515000.0,184.0858149,2185.0,1.0222222220000001,367050.0,354.0,116.0,82.0,36.93,62.58,16.26373626,27.48,4.5314,37.4,450374.0,2274.0,5.9,9.5,0.3,4.1,0.0,0.2,2.2,22.2
5,30076,Roswell,Fulton,410000.0,166.79759099999998,1887.5,1.0437417,303975.0,276.0,65.0,57.0,18.65,81.0,17.74744027,44.09,5.3973,34.3,383102.0,2037.0,22.5,15.0,0.3,5.0,0.0,0.6,2.0,45.4
11,30305,Atlanta,Fulton,640000.0,306.45046329999997,1895.0,1.8574578469999998,477875.0,1113.0,72.0,62.0,63.12,36.21,11.05263158,10.81,5.2258,70.6,563590.0,2582.0,4.0,8.6,0.0,4.0,0.0,0.3,2.0,18.9
12,30306,Atlanta,Fulton,749000.0,353.76773219999995,2900.0,1.97024321,474365.0,2255.0,41.0,34.0,79.39,20.11,9.722222222000001,7.67,6.2006,15.4,736986.0,2863.0,5.0,5.8,0.0,3.0,0.0,0.3,2.9,17.0
13,30307,Atlanta,Fulton,537500.0,291.0169492,2400.0,1.696428571,393015.0,1037.0,52.0,39.0,84.07,15.45,11.45833333,6.28,5.8445,12.3,548605.0,2426.0,2.9,13.9,0.2,3.8,0.0,0.4,2.9,24.1
14,30308,Atlanta,Fulton,335000.0,334.2070773,1850.0,1.9659624409999998,234600.0,324.0,55.0,59.0,44.64,54.35,7.346938776,13.83,3.3762,58.6,309580.0,1802.0,6.6,31.2,0.2,5.9,0.0,0.5,1.8,46.2
15,30309,Atlanta,Fulton,434950.0,335.28569189999996,2000.0,2.081784387,265000.0,518.0,83.0,72.0,42.14,57.06,13.73056995,14.6,3.7944,37.9,354915.0,1996.0,3.9,14.0,0.4,7.9,0.1,0.3,2.8,29.4
24,30324,Atlanta,Fulton,427900.0,235.8490566,2014.0,1.475237092,259425.0,283.0,63.0,54.0,60.26,38.55,11.74603175,11.01,5.6514,34.5,444480.0,2078.0,10.8,16.0,0.2,10.2,0.0,0.7,3.8,41.7
25,30327,Atlanta,Fulton,1249900.0,308.92636810000005,,1.7112889869999999,709450.0,778.0,55.0,37.0,75.88,23.78,8.670520231,6.95,4.4721,37.8,1088157.0,4343.0,3.5,6.1,0.0,5.8,0.0,0.3,0.8,16.5
26,30328,Atlanta,Fulton,430525.0,201.70859040000002,2200.0,1.288336874,272925.0,402.0,79.0,73.0,48.12,50.66,15.20190024,14.03,3.3605,38.9,462176.0,2267.0,8.9,13.6,0.3,11.5,0.0,0.9,1.6,36.8
30,30339,Atlanta,Fulton,399900.0,202.28838280000002,2200.0,1.143099069,278200.0,409.0,81.0,63.0,77.06,22.17,15.78947368,6.47,3.0835,55.3,361313.0,2048.0,6.9,19.5,0.0,15.8,0.0,0.4,2.5,45.1
31,30342,Atlanta,Fulton,649500.0,249.78279759999998,3045.0,1.527050611,449850.0,1414.0,58.0,51.0,75.22,24.31,13.7704918,8.95,4.9005,35.9,660488.0,2876.0,22.7,9.3,0.0,5.2,0.0,0.0,1.6,38.8
41,30062,Marietta,Cobb,392000.0,171.13946330000002,1900.0,0.9600062540000001,294700.0,208.0,84.0,82.0,40.32,58.2,13.01020408,15.45,5.2002,34.4,359353.0,1929.0,7.3,12.4,0.4,8.8,0.0,0.2,2.7,31.8
43,30064,Marietta,Cobb,369900.0,141.9281949,1645.0,0.942180375,242750.0,142.0,87.0,74.0,64.69,33.94,10.21671827,9.81,5.3434,46.8,318583.0,1775.0,7.8,22.1,0.0,2.4,0.2,0.2,2.0,34.7
45,30066,Marietta,Cobb,342249.5,151.7172524,1650.0,0.9259259259999999,264000.0,258.0,81.0,79.0,43.05,55.81,15.24926686,14.43,5.2586,41.0,283518.0,1680.0,8.1,12.2,0.0,7.0,0.0,0.4,2.0,29.7
46,30067,Marietta,Cobb,375000.0,166.8686281,1400.0,1.024881517,166900.0,159.0,51.0,42.0,51.01,47.79,14.62264151,11.15,5.9437,50.4,290189.0,1627.0,9.5,28.2,0.3,6.3,0.0,0.4,2.3,47.0
47,30068,Marietta,Cobb,450000.0,181.8783069,2300.0,1.015625,360750.0,172.0,49.0,38.0,69.77,28.72,14.9122807,10.99,5.2568,22.5,445754.0,2343.0,6.6,6.1,0.2,7.6,0.2,0.3,1.7,22.7
53,30101,Acworth,Cobb,309950.0,132.6764902,1550.0,0.8883872509999999,219915.0,276.0,88.0,77.0,53.14,45.44,13.27014218,10.86,5.6143,54.9,276694.0,1628.0,7.4,17.7,0.0,2.5,0.0,0.4,2.3,30.3
58,30144,Kennesaw,Cobb,255000.0,130.78491200000002,1575.0,0.896937509,191250.0,180.0,56.0,57.0,53.09,45.58,11.34453782,10.52,5.7266,59.8,243369.0,1546.0,11.9,19.7,0.4,4.6,0.0,0.6,3.2,40.4
59,30152,Kennesaw,Cobb,325000.0,136.2201201,1550.0,0.926248548,253590.0,127.0,73.0,59.0,73.9,24.65,12.08333333,8.75,5.6666,45.9,299345.0,1721.0,9.0,18.2,0.1,5.1,0.0,0.4,2.5,35.3
63,30002,Avondale Estates,Dekalb,565000.0,206.5741749,,,213035.2941,206.0,15.0,11.0,70.49,28.47,32.0754717,7.92,6.8934,58.6,388316.0,1869.0,3.8,33.8,0.0,4.2,0.0,0.7,2.3,44.8
65,30030,Decatur,Dekalb,485000.0,267.0286508,1550.0,1.484071428,435850.0,112.0,54.0,43.0,71.96,27.28,16.66666667,7.79,6.1084,45.3,505933.0,2273.0,4.0,22.3,0.4,5.1,0.0,0.4,3.0,35.2
67,30033,Decatur,Dekalb,420000.0,207.70308119999999,1795.0,1.331967213,282250.0,458.0,68.0,55.0,90.29,9.46,18.0,6.01,6.1047,72.0,363500.0,1843.0,6.7,12.2,0.4,14.9,0.0,0.1,3.4,37.7
79,30319,Atlanta,Dekalb,529400.0,238.54363109999997,2500.0,1.570336991,469485.0,435.0,124.0,95.0,86.52,13.03,11.25827815,6.87,6.7583,33.1,560972.0,2558.0,10.9,7.7,0.2,6.8,0.0,0.4,1.7,27.7
81,30338,Atlanta,Dekalb,465000.0,201.1986301,2250.0,1.19047619,417425.0,196.0,56.0,45.0,91.65,7.97,12.15469613,6.31,5.119,22.5,497474.0,2581.0,5.4,11.5,0.2,14.7,0.0,0.2,1.9,33.9
87,30017,Grayson,Gwinnett,295000.0,105.75276940000002,1495.0,0.722021661,205350.0,238.0,31.0,29.0,47.01,52.17,10.10638298,12.58,5.2693,72.3,278626.0,1669.0,5.8,31.7,0.5,5.3,0.0,0.1,2.0,45.4
88,30019,Dacula,Gwinnett,315900.0,112.51362150000001,1745.0,0.7427226029999999,215835.0,173.0,88.0,82.0,41.63,57.6,12.78195489,14.66,5.3264,77.3,284367.0,1690.0,10.5,22.3,0.3,4.3,0.0,0.0,2.6,40.0
89,30024,Suwanee,Gwinnett,399900.0,145.8590455,1900.0,0.7957292509999999,320850.0,316.0,144.0,120.0,58.81,40.31,13.16998469,11.55,5.5137,42.5,377060.0,1970.0,7.2,9.4,0.2,22.9,0.0,0.9,2.1,42.7
101,30518,Buford,Gwinnett,339900.0,135.3538051,1699.0,0.8562654890000001,220955.0,119.0,66.0,72.0,52.8,45.98,14.44444444,11.78,5.7943,66.8,276158.0,1646.0,21.6,10.8,0.0,8.1,0.0,0.0,3.0,43.5
102,30519,Buford,Gwinnett,349900.0,121.0712199,1700.0,0.735294118,233550.0,246.0,96.0,83.0,47.98,51.05,12.16494845,12.72,6.0797,75.0,281495.0,1661.0,13.2,15.6,0.1,8.8,0.0,0.0,2.6,40.3
103,30102,Acworth,Cherokee,269870.0,130.59906170000002,1550.0,0.84376881,176695.0,248.0,50.0,52.0,63.36,35.69,13.52459016,9.27,5.0142,16.0,235654.0,1511.0,13.2,10.6,0.2,2.4,0.0,0.4,1.7,28.5
104,30107,Ball Ground,Cherokee,299900.0,144.18754009999998,,,189160.0,310.0,35.0,27.0,64.77,34.51,10.218978100000001,8.28,5.0105,135.5,277534.0,1565.0,1.0,0.7,0.0,1.0,0.0,0.3,2.7,5.7
105,30114,Canton,Cherokee,319657.0,133.3445196,1580.0,0.803623894,238150.0,855.0,111.0,96.0,63.17,35.92,12.58992806,8.66,6.4125,96.8,292446.0,1625.0,16.9,6.5,0.0,1.6,0.0,0.1,1.8,26.9
106,30115,Canton,Cherokee,365452.5,140.6286295,1675.0,0.791849015,256765.0,335.0,109.0,82.0,76.56,22.92,13.67521368,6.44,5.3271,66.5,328103.0,1735.0,7.4,2.1,0.1,1.0,0.0,0.3,0.9,11.8
107,30183,Waleska,Cherokee,325000.0,150.2373418,,,225235.2941,926.0,16.0,13.0,41.56,57.37,8.771929825,14.9,1.7309,81.4,290752.0,1506.0,1.8,4.5,0.3,0.7,0.0,0.0,6.0,13.3
108,30188,Woodstock,Cherokee,369900.0,152.38401169999997,1547.5,0.96458469,203800.0,294.0,154.0,126.0,71.89,27.43,11.13243762,7.2,5.4722,53.0,281300.0,1612.0,9.0,8.5,0.1,2.5,0.0,0.4,2.3,22.8
109,30189,Woodstock,Cherokee,307000.0,144.2938347,1732.5,0.836952538,232605.0,319.0,50.0,49.0,80.62,18.94,12.03703704,5.13,5.5178,65.5,283545.0,1664.0,7.2,7.1,0.1,2.1,0.0,0.1,1.5,18.1
113,30187,Winston,Douglas,259900.0,121.4163531,,,121911.7647,116.0,13.0,12.0,62.03,36.52,15.47619048,8.41,3.7014,41.4,217956.0,1406.0,3.8,14.4,0.0,1.8,0.0,0.2,2.3,22.5
114,30205,Brooks,Fayette,561000.0,167.3151751,,,,419.0,12.0,11.0,67.64,31.97,,7.91,3.1436,25.9,367288.0,2011.0,1.2,2.2,1.3,1.3,0.0,0.0,1.1,7.1
116,30215,Fayetteville,Fayette,399949.5,135.21634619999998,1510.0,0.9127729809999999,231485.0,287.0,69.0,63.0,50.89,48.47,12.45551601,11.94,4.604,62.2,297103.0,1880.0,4.7,24.2,0.2,4.6,0.0,0.2,2.7,36.6
117,30269,Peachtree City,Fayette,387995.0,157.629256,2000.0,1.068616423,325960.0,252.0,56.0,43.0,12.35,87.45,10.0,37.72,5.7139999999999995,36.1,360427.0,2095.0,7.8,6.0,0.2,5.5,0.1,0.2,2.6,22.4
118,30290,Tyrone,Fayette,379000.0,142.9292003,,,301841.1765,125.0,13.0,11.0,41.52,58.07,17.64705882,17.64,4.297,43.7,338644.0,2093.0,6.5,27.2,0.9,2.1,0.0,0.3,1.2,38.2
128,30248,Locust Grove,Henry,235900.0,100.2555395,1447.0,0.7359763690000001,148895.0,99.0,58.0,55.0,26.15,72.94,9.840425532000001,16.85,6.7863,108.3,200900.0,1433.0,5.6,26.1,0.0,1.3,0.0,0.3,1.8,35.1
129,30252,Mcdonough,Henry,293945.0,105.73252749999999,1495.0,0.8199798220000001,196985.0,112.0,103.0,92.0,25.0,74.22,13.59223301,18.66,6.4435,86.1,246812.0,1577.0,5.4,23.8,0.1,1.2,0.0,0.3,2.5,33.3
